-- phpMyAdmin SQL Dump
-- version 4.6.5.2
-- https://www.phpmyadmin.net/
--
-- Host: 127.0.0.1
-- Generation Time: Jun 07, 2017 at 08:58 AM
-- Server version: 10.1.21-MariaDB
-- PHP Version: 5.6.30

SET SQL_MODE = "NO_AUTO_VALUE_ON_ZERO";
SET time_zone = "+00:00";


/*!40101 SET @OLD_CHARACTER_SET_CLIENT=@@CHARACTER_SET_CLIENT */;
/*!40101 SET @OLD_CHARACTER_SET_RESULTS=@@CHARACTER_SET_RESULTS */;
/*!40101 SET @OLD_COLLATION_CONNECTION=@@COLLATION_CONNECTION */;
/*!40101 SET NAMES utf8mb4 */;

--
-- Database: `fpcloud`
--

-- --------------------------------------------------------

--
-- Table structure for table `ambil_matakuliah`
--

CREATE TABLE `ambil_matakuliah` (
  `nrp` varchar(100) NOT NULL,
  `idjadwal` int(100) NOT NULL
) ENGINE=InnoDB DEFAULT CHARSET=latin1;

-- --------------------------------------------------------

--
-- Table structure for table `jadwal`
--

CREATE TABLE `jadwal` (
  `idjadwal` int(100) NOT NULL,
  `idmk` int(100) NOT NULL,
  `idruang` int(100) NOT NULL,
  `hari` varchar(100) NOT NULL
) ENGINE=InnoDB DEFAULT CHARSET=latin1;

--
-- Dumping data for table `jadwal`
--

INSERT INTO `jadwal` (`idjadwal`, `idmk`, `idruang`, `hari`) VALUES
(1, 1, 1, 'Senin'),
(2, 2, 2, 'Selasa'),
(3, 3, 4, 'Rabu'),
(4, 4, 5, 'Kamis'),
(5, 5, 6, 'Jumat'),
(6, 6, 7, 'Senin'),
(7, 7, 8, 'Selasa'),
(8, 8, 6, 'Senin');

-- --------------------------------------------------------

--
-- Table structure for table `mahasiswa`
--

CREATE TABLE `mahasiswa` (
  `nrp` varchar(100) NOT NULL,
  `namamhs` varchar(100) NOT NULL,
  `password` varchar(100) NOT NULL
) ENGINE=InnoDB DEFAULT CHARSET=latin1;

--
-- Dumping data for table `mahasiswa`
--

INSERT INTO `mahasiswa` (`nrp`, `namamhs`, `password`) VALUES
('5112100001', '601', '601'),
('5112100002', '602', '602'),
('5112100003', '603', '603'),
('5112100004', '604', '604'),
('5112100005', '605', '605'),
('5112100006', '606', '606'),
('5112100007', '607', '607'),
('5112100008', '608', '608'),
('5112100009', '609', '609'),
('5112100010', '610', '610'),
('5112100011', '611', '611'),
('5112100012', '612', '612'),
('5112100013', '613', '613'),
('5112100014', '614', '614'),
('5112100015', '615', '615'),
('5112100016', '616', '616'),
('5112100017', '617', '617'),
('5112100018', '618', '618'),
('5112100019', '619', '619'),
('5112100020', '620', '620'),
('5112100021', '621', '621'),
('5112100022', '622', '622'),
('5112100023', '623', '623'),
('5112100024', '624', '624'),
('5112100025', '625', '625'),
('5112100026', '626', '626'),
('5112100027', '627', '627'),
('5112100028', '628', '628'),
('5112100029', '629', '629'),
('5112100030', '630', '630'),
('5112100031', '631', '631'),
('5112100032', '632', '632'),
('5112100033', '633', '633'),
('5112100034', '634', '634'),
('5112100035', '635', '635'),
('5112100036', '636', '636'),
('5112100037', '637', '637'),
('5112100038', '638', '638'),
('5112100039', '639', '639'),
('5112100040', '640', '640'),
('5112100041', '641', '641'),
('5112100042', '642', '642'),
('5112100043', '643', '643'),
('5112100044', '644', '644'),
('5112100045', '645', '645'),
('5112100046', '646', '646'),
('5112100047', '647', '647'),
('5112100048', '648', '648'),
('5112100049', '649', '649'),
('5112100050', '650', '650'),
('5112100051', '651', '651'),
('5112100052', '652', '652'),
('5112100053', '653', '653'),
('5112100054', '654', '654'),
('5112100055', '655', '655'),
('5112100056', '656', '656'),
('5112100057', '657', '657'),
('5112100058', '658', '658'),
('5112100059', '659', '659'),
('5112100060', '660', '660'),
('5112100061', '661', '661'),
('5112100062', '662', '662'),
('5112100063', '663', '663'),
('5112100064', '664', '664'),
('5112100065', '665', '665'),
('5112100066', '666', '666'),
('5112100067', '667', '667'),
('5112100068', '668', '668'),
('5112100069', '669', '669'),
('5112100070', '670', '670'),
('5112100071', '671', '671'),
('5112100072', '672', '672'),
('5112100073', '673', '673'),
('5112100074', '674', '674'),
('5112100075', '675', '675'),
('5112100076', '676', '676'),
('5112100077', '677', '677'),
('5112100078', '678', '678'),
('5112100079', '679', '679'),
('5112100080', '680', '680'),
('5112100081', '681', '681'),
('5112100082', '682', '682'),
('5112100083', '683', '683'),
('5112100084', '684', '684'),
('5112100085', '685', '685'),
('5112100086', '686', '686'),
('5112100087', '687', '687'),
('5112100088', '688', '688'),
('5112100089', '689', '689'),
('5112100090', '690', '690'),
('5112100091', '691', '691'),
('5112100092', '692', '692'),
('5112100093', '693', '693'),
('5112100094', '694', '694'),
('5112100095', '695', '695'),
('5112100096', '696', '696'),
('5112100097', '697', '697'),
('5112100098', '698', '698'),
('5112100099', '699', '699'),
('5112100100', '700', '700'),
('5112100101', '701', '701'),
('5112100102', '702', '702'),
('5112100103', '703', '703'),
('5112100104', '704', '704'),
('5112100105', '705', '705'),
('5112100106', '706', '706'),
('5112100107', '707', '707'),
('5112100108', '708', '708'),
('5112100109', '709', '709'),
('5112100110', '710', '710'),
('5112100111', '711', '711'),
('5112100112', '712', '712'),
('5112100113', '713', '713'),
('5112100114', '714', '714'),
('5112100115', '715', '715'),
('5112100116', '716', '716'),
('5112100117', '717', '717'),
('5112100118', '718', '718'),
('5112100119', '719', '719'),
('5112100120', '720', '720'),
('5112100121', '721', '721'),
('5112100122', '722', '722'),
('5112100123', '723', '723'),
('5112100124', '724', '724'),
('5112100125', '725', '725'),
('5112100126', '726', '726'),
('5112100127', '727', '727'),
('5112100128', '728', '728'),
('5112100129', '729', '729'),
('5112100130', '730', '730'),
('5112100131', '731', '731'),
('5112100132', '732', '732'),
('5112100133', '733', '733'),
('5112100134', '734', '734'),
('5112100135', '735', '735'),
('5112100136', '736', '736'),
('5112100137', '737', '737'),
('5112100138', '738', '738'),
('5112100139', '739', '739'),
('5112100140', '740', '740'),
('5112100141', '741', '741'),
('5112100142', '742', '742'),
('5112100143', '743', '743'),
('5112100144', '744', '744'),
('5112100145', '745', '745'),
('5112100146', '746', '746'),
('5112100147', '747', '747'),
('5112100148', '748', '748'),
('5112100149', '749', '749'),
('5112100150', '750', '750'),
('5112100151', '751', '751'),
('5112100152', '752', '752'),
('5112100153', '753', '753'),
('5112100154', '754', '754'),
('5112100155', '755', '755'),
('5112100156', '756', '756'),
('5112100157', '757', '757'),
('5112100158', '758', '758'),
('5112100159', '759', '759'),
('5112100160', '760', '760'),
('5112100161', '761', '761'),
('5112100162', '762', '762'),
('5112100163', '763', '763'),
('5112100164', '764', '764'),
('5112100165', '765', '765'),
('5112100166', '766', '766'),
('5112100167', '767', '767'),
('5112100168', '768', '768'),
('5112100169', '769', '769'),
('5112100170', '770', '770'),
('5112100171', '771', '771'),
('5112100172', '772', '772'),
('5112100173', '773', '773'),
('5112100174', '774', '774'),
('5112100175', '775', '775'),
('5112100176', '776', '776'),
('5112100177', '777', '777'),
('5112100178', '778', '778'),
('5112100179', '779', '779'),
('5112100180', '780', '780'),
('5112100181', '781', '781'),
('5112100182', '782', '782'),
('5112100183', '783', '783'),
('5112100184', '784', '784'),
('5112100185', '785', '785'),
('5112100186', '786', '786'),
('5112100187', '787', '787'),
('5112100188', '788', '788'),
('5112100189', '789', '789'),
('5112100190', '790', '790'),
('5112100191', '791', '791'),
('5112100192', '792', '792'),
('5112100193', '793', '793'),
('5112100194', '794', '794'),
('5112100195', '795', '795'),
('5112100196', '796', '796'),
('5112100197', '797', '797'),
('5112100198', '798', '798'),
('5112100199', '799', '799'),
('5112100200', '800', '800'),
('5113100001', '1', '1'),
('5113100002', '2', '2'),
('5113100003', '3', '3'),
('5113100004', '4', '4'),
('5113100005', '5', '5'),
('5113100006', '6', '6'),
('5113100007', '7', '7'),
('5113100008', '8', '8'),
('5113100009', '9', '9'),
('5113100010', '10', '10'),
('5113100011', '11', '11'),
('5113100012', '12', '12'),
('5113100013', '13', '13'),
('5113100014', '14', '14'),
('5113100015', '15', '15'),
('5113100016', '16', '16'),
('5113100017', '17', '17'),
('5113100018', '18', '18'),
('5113100019', '19', '19'),
('5113100020', '20', '20'),
('5113100021', '21', '21'),
('5113100022', '22', '22'),
('5113100023', '23', '23'),
('5113100024', '24', '24'),
('5113100025', '25', '25'),
('5113100026', '26', '26'),
('5113100027', '27', '27'),
('5113100028', '28', '28'),
('5113100029', '29', '29'),
('5113100030', '30', '30'),
('5113100031', '31', '31'),
('5113100032', '32', '32'),
('5113100033', '33', '33'),
('5113100034', '34', '34'),
('5113100035', '35', '35'),
('5113100036', '36', '36'),
('5113100037', '37', '37'),
('5113100038', '38', '38'),
('5113100039', '39', '39'),
('5113100040', '40', '40'),
('5113100041', '41', '41'),
('5113100042', '42', '42'),
('5113100043', '43', '43'),
('5113100044', '44', '44'),
('5113100045', '45', '45'),
('5113100046', '46', '46'),
('5113100047', '47', '47'),
('5113100048', '48', '48'),
('5113100049', '49', '49'),
('5113100050', '50', '50'),
('5113100051', '51', '51'),
('5113100052', '52', '52'),
('5113100053', '53', '53'),
('5113100054', '54', '54'),
('5113100055', '55', '55'),
('5113100056', '56', '56'),
('5113100057', '57', '57'),
('5113100058', '58', '58'),
('5113100059', '59', '59'),
('5113100060', '60', '60'),
('5113100061', '61', '61'),
('5113100062', '62', '62'),
('5113100063', '63', '63'),
('5113100064', '64', '64'),
('5113100065', '65', '65'),
('5113100066', '66', '66'),
('5113100067', '67', '67'),
('5113100068', '68', '68'),
('5113100069', '69', '69'),
('5113100070', '70', '70'),
('5113100071', '71', '71'),
('5113100072', '72', '72'),
('5113100073', '73', '73'),
('5113100074', '74', '74'),
('5113100075', '75', '75'),
('5113100076', '76', '76'),
('5113100077', '77', '77'),
('5113100078', '78', '78'),
('5113100079', '79', '79'),
('5113100080', '80', '80'),
('5113100081', '81', '81'),
('5113100082', '82', '82'),
('5113100083', '83', '83'),
('5113100084', '84', '84'),
('5113100085', '85', '85'),
('5113100086', '86', '86'),
('5113100087', '87', '87'),
('5113100088', '88', '88'),
('5113100089', '89', '89'),
('5113100090', '90', '90'),
('5113100091', '91', '91'),
('5113100092', '92', '92'),
('5113100093', '93', '93'),
('5113100094', '94', '94'),
('5113100095', '95', '95'),
('5113100096', '96', '96'),
('5113100097', '97', '97'),
('5113100098', '98', '98'),
('5113100099', '99', '99'),
('5113100100', '100', '100'),
('5113100101', '101', '101'),
('5113100102', '102', '102'),
('5113100103', '103', '103'),
('5113100104', '104', '104'),
('5113100105', '105', '105'),
('5113100106', '106', '106'),
('5113100107', '107', '107'),
('5113100108', '108', '108'),
('5113100109', '109', '109'),
('5113100110', '110', '110'),
('5113100111', '111', '111'),
('5113100112', '112', '112'),
('5113100113', '113', '113'),
('5113100114', '114', '114'),
('5113100115', '115', '115'),
('5113100116', '116', '116'),
('5113100117', '117', '117'),
('5113100118', '118', '118'),
('5113100119', '119', '119'),
('5113100120', '120', '120'),
('5113100121', '121', '121'),
('5113100122', '122', '122'),
('5113100123', '123', '123'),
('5113100124', '124', '124'),
('5113100125', '125', '125'),
('5113100126', '126', '126'),
('5113100127', '127', '127'),
('5113100128', '128', '128'),
('5113100129', '129', '129'),
('5113100130', '130', '130'),
('5113100131', '131', '131'),
('5113100132', '132', '132'),
('5113100133', '133', '133'),
('5113100134', '134', '134'),
('5113100135', '135', '135'),
('5113100136', '136', '136'),
('5113100137', '137', '137'),
('5113100138', '138', '138'),
('5113100139', '139', '139'),
('5113100140', '140', '140'),
('5113100141', '141', '141'),
('5113100142', '142', '142'),
('5113100143', '143', '143'),
('5113100144', '144', '144'),
('5113100145', '145', '145'),
('5113100146', '146', '146'),
('5113100147', '147', '147'),
('5113100148', '148', '148'),
('5113100149', '149', '149'),
('5113100150', '150', '150'),
('5113100151', '151', '151'),
('5113100152', '152', '152'),
('5113100153', '153', '153'),
('5113100154', '154', '154'),
('5113100155', '155', '155'),
('5113100156', '156', '156'),
('5113100157', '157', '157'),
('5113100158', '158', '158'),
('5113100159', '159', '159'),
('5113100160', '160', '160'),
('5113100161', '161', '161'),
('5113100162', '162', '162'),
('5113100163', '163', '163'),
('5113100164', '164', '164'),
('5113100165', '165', '165'),
('5113100166', '166', '166'),
('5113100167', '167', '167'),
('5113100168', '168', '168'),
('5113100169', '169', '169'),
('5113100170', '170', '170'),
('5113100171', '171', '171'),
('5113100172', '172', '172'),
('5113100173', '173', '173'),
('5113100174', '174', '174'),
('5113100175', '175', '175'),
('5113100176', '176', '176'),
('5113100177', '177', '177'),
('5113100178', '178', '178'),
('5113100179', '179', '179'),
('5113100180', '180', '180'),
('5113100181', '181', '181'),
('5113100182', '182', '182'),
('5113100183', '183', '183'),
('5113100184', '184', '184'),
('5113100185', '185', '185'),
('5113100186', '186', '186'),
('5113100187', '187', '187'),
('5113100188', '188', '188'),
('5113100189', '189', '189'),
('5113100190', '190', '190'),
('5113100191', '191', '191'),
('5113100192', '192', '192'),
('5113100193', '193', '193'),
('5113100194', '194', '194'),
('5113100195', '195', '195'),
('5113100196', '196', '196'),
('5113100197', '197', '197'),
('5113100198', '198', '198'),
('5113100199', '199', '199'),
('5113100200', '200', '200'),
('5114100001', '201', '201'),
('5114100002', '202', '202'),
('5114100003', '203', '203'),
('5114100004', '204', '204'),
('5114100005', '205', '205'),
('5114100006', '206', '206'),
('5114100007', '207', '207'),
('5114100008', '208', '208'),
('5114100009', '209', '209'),
('5114100010', '210', '210'),
('5114100011', '211', '211'),
('5114100012', '212', '212'),
('5114100013', '213', '213'),
('5114100014', '214', '214'),
('5114100015', '215', '215'),
('5114100016', '216', '216'),
('5114100017', '217', '217'),
('5114100018', '218', '218'),
('5114100019', '219', '219'),
('5114100020', '220', '220'),
('5114100021', '221', '221'),
('5114100022', '222', '222'),
('5114100023', '223', '223'),
('5114100024', 'Setyassida Novian Putra D', '8a5edf84bec5187e0598a58c88e65f19'),
('5114100025', '225', '225'),
('5114100026', '226', '226'),
('5114100027', '227', '227'),
('5114100028', '228', '228'),
('5114100029', '229', '229'),
('5114100030', '230', '230'),
('5114100031', '231', '231'),
('5114100032', '232', '232'),
('5114100033', '233', '233'),
('5114100034', '234', '234'),
('5114100035', '235', '235'),
('5114100036', '236', '236'),
('5114100037', '237', '237'),
('5114100038', '238', '238'),
('5114100039', '239', '239'),
('5114100040', '240', '240'),
('5114100041', '241', '241'),
('5114100042', '242', '242'),
('5114100043', '243', '243'),
('5114100044', '244', '244'),
('5114100045', '245', '245'),
('5114100046', '246', '246'),
('5114100047', '247', '247'),
('5114100048', '248', '248'),
('5114100049', '249', '249'),
('5114100050', '250', '250'),
('5114100051', '251', '251'),
('5114100052', '252', '252'),
('5114100053', '253', '253'),
('5114100054', '254', '254'),
('5114100055', '255', '255'),
('5114100056', '256', '256'),
('5114100057', '257', '257'),
('5114100058', '258', '258'),
('5114100059', '259', '259'),
('5114100060', '260', '260'),
('5114100061', '261', '261'),
('5114100062', '262', '262'),
('5114100063', '263', '263'),
('5114100064', '264', '264'),
('5114100065', '265', '265'),
('5114100066', '266', '266'),
('5114100067', '267', '267'),
('5114100068', '268', '268'),
('5114100069', '269', '269'),
('5114100070', '270', '270'),
('5114100071', '271', '271'),
('5114100072', '272', '272'),
('5114100073', '273', '273'),
('5114100074', '274', '274'),
('5114100075', '275', '275'),
('5114100076', '276', '276'),
('5114100077', '277', '277'),
('5114100078', '278', '278'),
('5114100079', '279', '279'),
('5114100080', '280', '280'),
('5114100081', '281', '281'),
('5114100082', '282', '282'),
('5114100083', '283', '283'),
('5114100084', '284', '284'),
('5114100085', '285', '285'),
('5114100086', '286', '286'),
('5114100087', '287', '287'),
('5114100088', '288', '288'),
('5114100089', '289', '289'),
('5114100090', '290', '290'),
('5114100091', '291', '291'),
('5114100092', '292', '292'),
('5114100093', '293', '293'),
('5114100094', '294', '294'),
('5114100095', '295', '295'),
('5114100096', '296', '296'),
('5114100097', '297', '297'),
('5114100098', '298', '298'),
('5114100099', '299', '299'),
('5114100100', '300', '300'),
('5114100101', '301', '301'),
('5114100102', '302', '302'),
('5114100103', '303', '303'),
('5114100104', '304', '304'),
('5114100105', '305', '305'),
('5114100106', '306', '306'),
('5114100107', '307', '307'),
('5114100108', '308', '308'),
('5114100109', '309', '309'),
('5114100110', '310', '310'),
('5114100111', '311', '311'),
('5114100112', '312', '312'),
('5114100113', '313', '313'),
('5114100114', '314', '314'),
('5114100115', '315', '315'),
('5114100116', '316', '316'),
('5114100117', '317', '317'),
('5114100118', '318', '318'),
('5114100119', '319', '319'),
('5114100120', '320', '320'),
('5114100121', '321', '321'),
('5114100122', '322', '322'),
('5114100123', '323', '323'),
('5114100124', '324', '324'),
('5114100125', '325', '325'),
('5114100126', '326', '326'),
('5114100127', '327', '327'),
('5114100128', '328', '328'),
('5114100129', '329', '329'),
('5114100130', '330', '330'),
('5114100131', '331', '331'),
('5114100132', '332', '332'),
('5114100133', '333', '333'),
('5114100134', '334', '334'),
('5114100135', '335', '335'),
('5114100136', '336', '336'),
('5114100137', '337', '337'),
('5114100138', '338', '338'),
('5114100139', '339', '339'),
('5114100140', '340', '340'),
('5114100141', '341', '341'),
('5114100142', '342', '342'),
('5114100143', '343', '343'),
('5114100144', '344', '344'),
('5114100145', '345', '345'),
('5114100146', '346', '346'),
('5114100147', '347', '347'),
('5114100148', '348', '348'),
('5114100149', '349', '349'),
('5114100150', '350', '350'),
('5114100151', '351', '351'),
('5114100152', '352', '352'),
('5114100153', '353', '353'),
('5114100154', '354', '354'),
('5114100155', '355', '355'),
('5114100156', '356', '356'),
('5114100157', '357', '357'),
('5114100158', '358', '358'),
('5114100159', '359', '359'),
('5114100160', '360', '360'),
('5114100161', '361', '361'),
('5114100162', '362', '362'),
('5114100163', '363', '363'),
('5114100164', '364', '364'),
('5114100165', '365', '365'),
('5114100166', '366', '366'),
('5114100167', '367', '367'),
('5114100168', '368', '368'),
('5114100169', '369', '369'),
('5114100170', '370', '370'),
('5114100171', '371', '371'),
('5114100172', '372', '372'),
('5114100173', '373', '373'),
('5114100174', '374', '374'),
('5114100175', '375', '375'),
('5114100176', '376', '376'),
('5114100177', '377', '377'),
('5114100178', '378', '378'),
('5114100179', '379', '379'),
('5114100180', '380', '380'),
('5114100181', '381', '381'),
('5114100182', '382', '382'),
('5114100183', '383', '383'),
('5114100184', '384', '384'),
('5114100185', '385', '385'),
('5114100186', '386', '386'),
('5114100187', '387', '387'),
('5114100188', '388', '388'),
('5114100189', '389', '389'),
('5114100190', '390', '390'),
('5114100191', '391', '391'),
('5114100192', '392', '392'),
('5114100193', '393', '393'),
('5114100194', '394', '394'),
('5114100195', '395', '395'),
('5114100196', '396', '396'),
('5114100197', '397', '397'),
('5114100198', '398', '398'),
('5114100199', '399', '399'),
('5114100200', '400', '400'),
('5115100001', '501', '501'),
('5115100002', '502', '502'),
('5115100003', '503', '503'),
('5115100004', '504', '504'),
('5115100005', '505', '505'),
('5115100006', '506', '506'),
('5115100007', '507', '507'),
('5115100008', '508', '508'),
('5115100009', '509', '509'),
('5115100010', '510', '510'),
('5115100011', '511', '511'),
('5115100012', '512', '512'),
('5115100013', '513', '513'),
('5115100014', '514', '514'),
('5115100015', '515', '515'),
('5115100016', '516', '516'),
('5115100017', '517', '517'),
('5115100018', '518', '518'),
('5115100019', '519', '519'),
('5115100020', '520', '520'),
('5115100021', '521', '521'),
('5115100022', '522', '522'),
('5115100023', '523', '523'),
('5115100024', '524', '524'),
('5115100025', '525', '525'),
('5115100026', '526', '526'),
('5115100027', '527', '527'),
('5115100028', '528', '528'),
('5115100029', '529', '529'),
('5115100030', '530', '530'),
('5115100031', '531', '531'),
('5115100032', '532', '532'),
('5115100033', '533', '533'),
('5115100034', '534', '534'),
('5115100035', '535', '535'),
('5115100036', '536', '536'),
('5115100037', '537', '537'),
('5115100038', '538', '538'),
('5115100039', '539', '539'),
('5115100040', '540', '540'),
('5115100041', '541', '541'),
('5115100042', '542', '542'),
('5115100043', '543', '543'),
('5115100044', '544', '544'),
('5115100045', '545', '545'),
('5115100046', '546', '546'),
('5115100047', '547', '547'),
('5115100048', '548', '548'),
('5115100049', '549', '549'),
('5115100050', '550', '550'),
('5115100051', '551', '551'),
('5115100052', '552', '552'),
('5115100053', '553', '553'),
('5115100054', '554', '554'),
('5115100055', '555', '555'),
('5115100056', '556', '556'),
('5115100057', '557', '557'),
('5115100058', '558', '558'),
('5115100059', '559', '559'),
('5115100060', '560', '560'),
('5115100061', '561', '561'),
('5115100062', '562', '562'),
('5115100063', '563', '563'),
('5115100064', '564', '564'),
('5115100065', '565', '565'),
('5115100066', '566', '566'),
('5115100067', '567', '567'),
('5115100068', '568', '568'),
('5115100069', '569', '569'),
('5115100070', '570', '570'),
('5115100071', '571', '571'),
('5115100072', '572', '572'),
('5115100073', '573', '573'),
('5115100074', '574', '574'),
('5115100075', '575', '575'),
('5115100076', '576', '576'),
('5115100077', '577', '577'),
('5115100078', '578', '578'),
('5115100079', '579', '579'),
('5115100080', '580', '580'),
('5115100081', '581', '581'),
('5115100082', '582', '582'),
('5115100083', '583', '583'),
('5115100084', '584', '584'),
('5115100085', '585', '585'),
('5115100086', '586', '586'),
('5115100087', '587', '587'),
('5115100088', '588', '588'),
('5115100089', '589', '589'),
('5115100090', '590', '590'),
('5115100091', '591', '591'),
('5115100092', '592', '592'),
('5115100093', '593', '593'),
('5115100094', '594', '594'),
('5115100095', '595', '595'),
('5115100096', '596', '596'),
('5115100097', '597', '597'),
('5115100098', '598', '598'),
('5115100099', '599', '599'),
('5115100100', '600', '600'),
('5115100101', '401', '401'),
('5115100102', '402', '402'),
('5115100103', '403', '403'),
('5115100104', '404', '404'),
('5115100105', '405', '405'),
('5115100106', '406', '406'),
('5115100107', '407', '407'),
('5115100108', '408', '408'),
('5115100109', '409', '409'),
('5115100110', '410', '410'),
('5115100111', '411', '411'),
('5115100112', '412', '412'),
('5115100113', '413', '413'),
('5115100114', '414', '414'),
('5115100115', '415', '415'),
('5115100116', '416', '416'),
('5115100117', '417', '417'),
('5115100118', '418', '418'),
('5115100119', '419', '419'),
('5115100120', '420', '420'),
('5115100121', '421', '421'),
('5115100122', '422', '422'),
('5115100123', '423', '423'),
('5115100124', '424', '424'),
('5115100125', '425', '425'),
('5115100126', '426', '426'),
('5115100127', '427', '427'),
('5115100128', '428', '428'),
('5115100129', '429', '429'),
('5115100130', '430', '430'),
('5115100131', '431', '431'),
('5115100132', '432', '432'),
('5115100133', '433', '433'),
('5115100134', '434', '434'),
('5115100135', '435', '435'),
('5115100136', '436', '436'),
('5115100137', '437', '437'),
('5115100138', '438', '438'),
('5115100139', '439', '439'),
('5115100140', '440', '440'),
('5115100141', '441', '441'),
('5115100142', '442', '442'),
('5115100143', '443', '443'),
('5115100144', '444', '444'),
('5115100145', '445', '445'),
('5115100146', '446', '446'),
('5115100147', '447', '447'),
('5115100148', '448', '448'),
('5115100149', '449', '449'),
('5115100150', '450', '450'),
('5115100151', '451', '451'),
('5115100152', '452', '452'),
('5115100153', '453', '453'),
('5115100154', '454', '454'),
('5115100155', '455', '455'),
('5115100156', '456', '456'),
('5115100157', '457', '457'),
('5115100158', '458', '458'),
('5115100159', '459', '459'),
('5115100160', '460', '460'),
('5115100161', '461', '461'),
('5115100162', '462', '462'),
('5115100163', '463', '463'),
('5115100164', '464', '464'),
('5115100165', '465', '465'),
('5115100166', '466', '466'),
('5115100167', '467', '467'),
('5115100168', '468', '468'),
('5115100169', '469', '469'),
('5115100170', '470', '470'),
('5115100171', '471', '471'),
('5115100172', '472', '472'),
('5115100173', '473', '473'),
('5115100174', '474', '474'),
('5115100175', '475', '475'),
('5115100176', '476', '476'),
('5115100177', '477', '477'),
('5115100178', '478', '478'),
('5115100179', '479', '479'),
('5115100180', '480', '480'),
('5115100181', '481', '481'),
('5115100182', '482', '482'),
('5115100183', '483', '483'),
('5115100184', '484', '484'),
('5115100185', '485', '485'),
('5115100186', '486', '486'),
('5115100187', '487', '487'),
('5115100188', '488', '488'),
('5115100189', '489', '489'),
('5115100190', '490', '490'),
('5115100191', '491', '491'),
('5115100192', '492', '492'),
('5115100193', '493', '493'),
('5115100194', '494', '494'),
('5115100195', '495', '495'),
('5115100196', '496', '496'),
('5115100197', '497', '497'),
('5115100198', '498', '498'),
('5115100199', '499', '499'),
('5115100200', '500', '500'),
('5116100001', '801', '801'),
('5116100002', '802', '802'),
('5116100003', '803', '803'),
('5116100004', '804', '804'),
('5116100005', '805', '805'),
('5116100006', '806', '806'),
('5116100007', '807', '807'),
('5116100008', '808', '808'),
('5116100009', '809', '809'),
('5116100010', '810', '810'),
('5116100011', '811', '811'),
('5116100012', '812', '812'),
('5116100013', '813', '813'),
('5116100014', '814', '814'),
('5116100015', '815', '815'),
('5116100016', '816', '816'),
('5116100017', '817', '817'),
('5116100018', '818', '818'),
('5116100019', '819', '819'),
('5116100020', '820', '820'),
('5116100021', '821', '821'),
('5116100022', '822', '822'),
('5116100023', '823', '823'),
('5116100024', '824', '824'),
('5116100025', '825', '825'),
('5116100026', '826', '826'),
('5116100027', '827', '827'),
('5116100028', '828', '828'),
('5116100029', '829', '829'),
('5116100030', '830', '830'),
('5116100031', '831', '831'),
('5116100032', '832', '832'),
('5116100033', '833', '833'),
('5116100034', '834', '834'),
('5116100035', '835', '835'),
('5116100036', '836', '836'),
('5116100037', '837', '837'),
('5116100038', '838', '838'),
('5116100039', '839', '839'),
('5116100040', '840', '840'),
('5116100041', '841', '841'),
('5116100042', '842', '842'),
('5116100043', '843', '843'),
('5116100044', '844', '844'),
('5116100045', '845', '845'),
('5116100046', '846', '846'),
('5116100047', '847', '847'),
('5116100048', '848', '848'),
('5116100049', '849', '849'),
('5116100050', '850', '850'),
('5116100051', '851', '851'),
('5116100052', '852', '852'),
('5116100053', '853', '853'),
('5116100054', '854', '854'),
('5116100055', '855', '855'),
('5116100056', '856', '856'),
('5116100057', '857', '857'),
('5116100058', '858', '858'),
('5116100059', '859', '859'),
('5116100060', '860', '860'),
('5116100061', '861', '861'),
('5116100062', '862', '862'),
('5116100063', '863', '863'),
('5116100064', '864', '864'),
('5116100065', '865', '865'),
('5116100066', '866', '866'),
('5116100067', '867', '867'),
('5116100068', '868', '868'),
('5116100069', '869', '869'),
('5116100070', '870', '870'),
('5116100071', '871', '871'),
('5116100072', '872', '872'),
('5116100073', '873', '873'),
('5116100074', '874', '874'),
('5116100075', '875', '875'),
('5116100076', '876', '876'),
('5116100077', '877', '877'),
('5116100078', '878', '878'),
('5116100079', '879', '879'),
('5116100080', '880', '880'),
('5116100081', '881', '881'),
('5116100082', '882', '882'),
('5116100083', '883', '883'),
('5116100084', '884', '884'),
('5116100085', '885', '885'),
('5116100086', '886', '886'),
('5116100087', '887', '887'),
('5116100088', '888', '888'),
('5116100089', '889', '889'),
('5116100090', '890', '890'),
('5116100091', '891', '891'),
('5116100092', '892', '892'),
('5116100093', '893', '893'),
('5116100094', '894', '894'),
('5116100095', '895', '895'),
('5116100096', '896', '896'),
('5116100097', '897', '897'),
('5116100098', '898', '898'),
('5116100099', '899', '899'),
('5116100100', '900', '900'),
('5116100101', '901', '901'),
('5116100102', '902', '902'),
('5116100103', '903', '903'),
('5116100104', '904', '904'),
('5116100105', '905', '905'),
('5116100106', '906', '906'),
('5116100107', '907', '907'),
('5116100108', '908', '908'),
('5116100109', '909', '909'),
('5116100110', '910', '910'),
('5116100111', '911', '911'),
('5116100112', '912', '912'),
('5116100113', '913', '913'),
('5116100114', '914', '914'),
('5116100115', '915', '915'),
('5116100116', '916', '916'),
('5116100117', '917', '917'),
('5116100118', '918', '918'),
('5116100119', '919', '919'),
('5116100120', '920', '920'),
('5116100121', '921', '921'),
('5116100122', '922', '922'),
('5116100123', '923', '923'),
('5116100124', '924', '924'),
('5116100125', '925', '925'),
('5116100126', '926', '926'),
('5116100127', '927', '927'),
('5116100128', '928', '928'),
('5116100129', '929', '929'),
('5116100130', '930', '930'),
('5116100131', '931', '931'),
('5116100132', '932', '932'),
('5116100133', '933', '933'),
('5116100134', '934', '934'),
('5116100135', '935', '935'),
('5116100136', '936', '936'),
('5116100137', '937', '937'),
('5116100138', '938', '938'),
('5116100139', '939', '939'),
('5116100140', '940', '940'),
('5116100141', '941', '941'),
('5116100142', '942', '942'),
('5116100143', '943', '943'),
('5116100144', '944', '944'),
('5116100145', '945', '945'),
('5116100146', '946', '946'),
('5116100147', '947', '947'),
('5116100148', '948', '948'),
('5116100149', '949', '949'),
('5116100150', '950', '950'),
('5116100151', '951', '951'),
('5116100152', '952', '952'),
('5116100153', '953', '953'),
('5116100154', '954', '954'),
('5116100155', '955', '955'),
('5116100156', '956', '956'),
('5116100157', '957', '957'),
('5116100158', '958', '958'),
('5116100159', '959', '959'),
('5116100160', '960', '960'),
('5116100161', '961', '961'),
('5116100162', '962', '962'),
('5116100163', '963', '963'),
('5116100164', '964', '964'),
('5116100165', '965', '965'),
('5116100166', '966', '966'),
('5116100167', '967', '967'),
('5116100168', '968', '968'),
('5116100169', '969', '969'),
('5116100170', '970', '970'),
('5116100171', '971', '971'),
('5116100172', '972', '972'),
('5116100173', '973', '973'),
('5116100174', '974', '974'),
('5116100175', '975', '975'),
('5116100176', '976', '976'),
('5116100177', '977', '977'),
('5116100178', '978', '978'),
('5116100179', '979', '979'),
('5116100180', '980', '980'),
('5116100181', '981', '981'),
('5116100182', '982', '982'),
('5116100183', '983', '983'),
('5116100184', '984', '984'),
('5116100185', '985', '985'),
('5116100186', '986', '986'),
('5116100187', '987', '987'),
('5116100188', '988', '988'),
('5116100189', '989', '989'),
('5116100190', '990', '990'),
('5116100191', '991', '991'),
('5116100192', '992', '992'),
('5116100193', '993', '993'),
('5116100194', '994', '994'),
('5116100195', '995', '995'),
('5116100196', '996', '996'),
('5116100197', '997', '997'),
('5116100198', '998', '998'),
('5116100199', '999', '999'),
('5116100200', '1000', '1000');

-- --------------------------------------------------------

--
-- Table structure for table `matakuliah`
--

CREATE TABLE `matakuliah` (
  `idmk` int(100) NOT NULL,
  `namamk` varchar(100) NOT NULL
) ENGINE=InnoDB DEFAULT CHARSET=latin1 ROW_FORMAT=COMPACT;

--
-- Dumping data for table `matakuliah`
--

INSERT INTO `matakuliah` (`idmk`, `namamk`) VALUES
(1, 'Keamanan Informasi Jaringan'),
(2, 'Manajemen Proyek Perangkat Lunak'),
(3, 'Rekayasa Kebutuhan'),
(4, 'Komputasi Awan'),
(5, 'Interaksi Manusia dan Komputer'),
(6, 'Teknologi Antar Jaringan'),
(7, 'Pengolahan Citra Digital'),
(8, 'Sistem Digital');

-- --------------------------------------------------------

--
-- Table structure for table `ruang`
--

CREATE TABLE `ruang` (
  `idruang` int(100) NOT NULL,
  `namaruang` varchar(100) NOT NULL
) ENGINE=InnoDB DEFAULT CHARSET=latin1;

--
-- Dumping data for table `ruang`
--

INSERT INTO `ruang` (`idruang`, `namaruang`) VALUES
(1, 'IF-101'),
(2, 'IF-102'),
(4, 'IF-103'),
(5, 'IF-104'),
(6, 'IF-105a'),
(7, 'IF-105b'),
(8, 'IF-106'),
(9, 'IF-108');

--
-- Indexes for dumped tables
--

--
-- Indexes for table `ambil_matakuliah`
--
ALTER TABLE `ambil_matakuliah`
  ADD KEY `FK_NRP` (`nrp`),
  ADD KEY `FK_IDJADWAL` (`idjadwal`);

--
-- Indexes for table `jadwal`
--
ALTER TABLE `jadwal`
  ADD PRIMARY KEY (`idjadwal`),
  ADD KEY `FK_IDMK` (`idmk`),
  ADD KEY `FK_IDRUANG` (`idruang`);

--
-- Indexes for table `mahasiswa`
--
ALTER TABLE `mahasiswa`
  ADD PRIMARY KEY (`nrp`);

--
-- Indexes for table `matakuliah`
--
ALTER TABLE `matakuliah`
  ADD PRIMARY KEY (`idmk`);

--
-- Indexes for table `ruang`
--
ALTER TABLE `ruang`
  ADD PRIMARY KEY (`idruang`);

--
-- AUTO_INCREMENT for dumped tables
--

--
-- AUTO_INCREMENT for table `jadwal`
--
ALTER TABLE `jadwal`
  MODIFY `idjadwal` int(100) NOT NULL AUTO_INCREMENT, AUTO_INCREMENT=10;
--
-- AUTO_INCREMENT for table `matakuliah`
--
ALTER TABLE `matakuliah`
  MODIFY `idmk` int(100) NOT NULL AUTO_INCREMENT, AUTO_INCREMENT=9;
--
-- AUTO_INCREMENT for table `ruang`
--
ALTER TABLE `ruang`
  MODIFY `idruang` int(100) NOT NULL AUTO_INCREMENT, AUTO_INCREMENT=10;
--
-- Constraints for dumped tables
--

--
-- Constraints for table `ambil_matakuliah`
--
ALTER TABLE `ambil_matakuliah`
  ADD CONSTRAINT `FK_IDJADWAL` FOREIGN KEY (`idjadwal`) REFERENCES `jadwal` (`idjadwal`),
  ADD CONSTRAINT `FK_NRP` FOREIGN KEY (`nrp`) REFERENCES `mahasiswa` (`nrp`);

--
-- Constraints for table `jadwal`
--
ALTER TABLE `jadwal`
  ADD CONSTRAINT `FK_IDMK` FOREIGN KEY (`idmk`) REFERENCES `matakuliah` (`idmk`),
  ADD CONSTRAINT `FK_IDRUANG` FOREIGN KEY (`idruang`) REFERENCES `ruang` (`idruang`);

/*!40101 SET CHARACTER_SET_CLIENT=@OLD_CHARACTER_SET_CLIENT */;
/*!40101 SET CHARACTER_SET_RESULTS=@OLD_CHARACTER_SET_RESULTS */;
/*!40101 SET COLLATION_CONNECTION=@OLD_COLLATION_CONNECTION */;
